status,id,name,code,spec,img,is_ask,price_max,price_limit,price_reduce,price_after,price_state,price_a_minus,price_b,price_c,sort_price,is_capped
掲載,235718,30th CELEBRATION 30周年 セレブレーション(1BOX),,未開封,https://japan-toreca.s3.ap-northeast-1.amazonaws.com/images/pokemon/4c0609c5-8818-4d94-bc41-63eba64d8cc3.png,False,"¥25,500",-,-,"¥25,500","¥24,200","¥24,200","¥22,900","¥17,100",25500,True
掲載,234817,ストームエメラルダ(1BOX),,未開封,https://japan-toreca.s3.ap-northeast-1.amazonaws.com/images/pokemon/c35f41b7-1b28-483a-b382-abb6a0b1734f.png,False,"¥10,400",100,-,"¥10,400","¥9,800","¥9,800","¥9,300","¥7,200",10400,
掲載,232417,アビスアイ(1BOX),,未開封,https://production-recore-public-files.s3.ap-northeast-1.amazonaws.com/gD28pgFNAqPfjeHRlrrpVwM2eMXSR5VZnpYJI82z.png,False,"¥8,500",-,-,"¥8,500","¥8,000","¥8,000","¥7,600","¥5,900",8500,
掲載,229061,ニンジャスピナー(1BOX),-,未開封,https://japan-toreca.s3.ap-northeast-1.amazonaws.com/images/pokemon/fa7467a1-9e85-4ff7-90e8-d96677ce368f.png,False,"¥8,500",-,-,"¥8,500","¥8,000","¥8,000","¥7,600","¥5,900",8500,
掲載,227504,ムニキスゼロ(1BOX),-,未開封,https://japan-toreca.s3.ap-northeast-1.amazonaws.com/images/pokemon/7f53de36-f70c-41ae-834d-d0d1e95da47c.png,False,"¥8,500",-,-,"¥8,500","¥8,000","¥8,000","¥7,600","¥5,900",8500,
掲載,224926,MEGAドリームex(1BOX),-,未開封,https://japan-toreca.s3.ap-northeast-1.amazonaws.com/images/pokemon/f8660d10-f9a8-4141-85c0-7c754fbccb0a.png,False,"¥12,000",-,-,"¥12,000","¥11,400","¥11,400","¥10,800","¥8,400",12000,
掲載,222890,インフェルノX(1BOX),-,未開封,https://japan-toreca.s3.ap-northeast-1.amazonaws.com/images/pokemon/761c1ee3-c079-475e-8c92-5494dea84b53.png,False,"¥17,100",50,-,"¥17,100","¥16,200","¥16,200","¥15,300","¥11,900",17100,
掲載,221113,メガブレイブ(1BOX),-,未開封,https://japan-toreca.s3.ap-northeast-1.amazonaws.com/images/pokemon/ba5e77be-ff21-4e0d-88f2-b23858491e3b.jpg,False,"¥8,400",-,-,"¥8,400","¥7,900","¥7,900","¥7,500","¥5,800",8400,
掲載,221124,メガシンフォニア(1BOX),-,未開封,https://japan-toreca.s3.ap-northeast-1.amazonaws.com/images/pokemon/ebda3235-6e88-4fdd-909e-4ec459f448bd.jpg,False,"¥7,600",-,-,"¥7,600","¥7,200","¥7,200","¥6,800","¥5,300",7600,
掲載,215873,ブラックボルト(1BOX),-,未開封,https://japan-toreca.s3.ap-northeast-1.amazonaws.com/images/pokemon/0b0b1b11-ddaf-46cd-b2f7-8e28270fdaeb.jpg,False,"¥19,900",-,-,"¥19,900","¥18,900","¥18,900","¥17,900","¥13,900",19900,
掲載,215884,ホワイトフレア(1BOX),-,未開封,https://japan-toreca.s3.ap-northeast-1.amazonaws.com/images/pokemon/d4b0ec67-abaa-45cf-8ce7-6f58fcfd7cec.jpg,False,"¥19,000",-,-,"¥19,000","¥18,000","¥18,000","¥17,100","¥13,300",19000,
掲載,215899,拡張パックデラックス ブラックボルト (1BOX),-,未開封,https://japan-toreca.s3.ap-northeast-1.amazonaws.com/images/pokemon/04d98a77-02c3-4357-ba27-28154bc80c82.jpg,False,"¥21,300",-,-,"¥21,300","¥20,200","¥20,200","¥19,100","¥14,900",21300,
掲載,215900,拡張パックデラックス ホワイトフレア (1BOX),-,未開封,https://japan-toreca.s3.ap-northeast-1.amazonaws.com/images/pokemon/9fc494b7-a750-46db-91ec-eda3502da4a3.jpg,False,"¥19,900",-,-,"¥19,900","¥18,900","¥18,900","¥17,900","¥13,900",19900,
掲載,214329,ロケット団の栄光,-,未開封,https://japan-toreca.s3.ap-northeast-1.amazonaws.com/images/pokemon/d11ba5d2-4d29-4880-939a-0d61880f3c70.jpg,False,"¥21,800",-,-,"¥21,800","¥20,700","¥20,700","¥19,600","¥15,200",21800,
掲載,213922,熱風のアリーナ,sv9a,未開封,https://japan-toreca.s3.ap-northeast-1.amazonaws.com/images/pokemon/12c63d6d-e95e-4ceb-8cf9-d9ec2dd45590.jpg,False,"¥16,600",-,-,"¥16,600","¥15,700","¥15,700","¥14,900","¥11,600",16600,
掲載,212841,バトルパートナーズ(1BOX),-,未開封,https://japan-toreca.s3.ap-northeast-1.amazonaws.com/images/pokemon/57898e88-34c7-4120-b8f3-f2e86dc09be7.jpg,False,"¥10,400",-,-,"¥10,400","¥9,800","¥9,800","¥9,300","¥7,200",10400,
掲載,212356,テラスタルフェスex(1BOX),-,未開封,https://japan-toreca.s3.ap-northeast-1.amazonaws.com/images/pokemon/af93fcba-25ce-4b36-a973-7ee37dfbc028.jpg,False,"¥16,100",50,-,"¥16,100","¥15,200","¥15,200","¥14,400","¥11,200",16100,
掲載,211818,超電ブレイカー(1BOX),-,未開封,https://japan-toreca.s3.ap-northeast-1.amazonaws.com/images/pokemon/66d66e7f-928b-4ba4-b382-9546f2e2d712.jpg,False,"¥23,700",-,-,"¥23,700","¥22,500","¥22,500","¥21,300","¥16,500",23700,
掲載,211621,楽園ドラゴーナ(1BOX),-,未開封,https://japan-toreca.s3.ap-northeast-1.amazonaws.com/images/pokemon/087411e6-effd-4051-9e96-ba05fc92d79b.jpg,False,"¥14,200",-,-,"¥14,200","¥13,400","¥13,400","¥12,700","¥9,900",14200,
掲載,209890,ナイトワンダラー(1BOX),-,未開封,https://japan-toreca.s3.ap-northeast-1.amazonaws.com/images/pokemon/c566b4b8-d9ad-4627-9075-272e0b97481c.jpg,False,"¥10,400",-,-,"¥10,400","¥9,800","¥9,800","¥9,300","¥7,200",10400,
掲載,210559,ステラミラクル(1BOX),-,未開封,https://japan-toreca.s3.ap-northeast-1.amazonaws.com/images/pokemon/3d293f97-a6ca-4f10-9048-9930cbfc9601.jpg,False,"¥10,400",-,-,"¥10,400","¥9,800","¥9,800","¥9,300","¥7,200",10400,
掲載,208843,変幻の仮面,sv6,未開封,https://japan-toreca.s3.ap-northeast-1.amazonaws.com/images/pokemon/f65a060d-6c57-4bb9-8744-4bb0a4f1ea58.jpg,False,"¥12,300",-,-,"¥12,300","¥11,600","¥11,600","¥11,000","¥8,600",12300,
掲載,208405,クリムゾンヘイズ,sv5a,未開封,https://japan-toreca.s3.ap-northeast-1.amazonaws.com/images/pokemon/b51826e1-7776-4837-907a-747a9b16a7a4.jpg,False,"¥11,800",-,-,"¥11,800","¥11,200","¥11,200","¥10,600","¥8,200",11800,
掲載,206524,サイバージャッジ,sv5M,未開封,https://japan-toreca.s3.ap-northeast-1.amazonaws.com/images/pokemon/117b3302-e74f-49eb-a866-667189678f37.jpg,False,"¥9,000",-,-,"¥9,000","¥8,500","¥8,500","¥8,100","¥6,300",9000,
掲載,206449,ワイルドフォース,sv5K,未開封,https://japan-toreca.s3.ap-northeast-1.amazonaws.com/images/pokemon/d2ea5f75-dd34-4ed6-8b9d-c8a7cd28f145.jpg,False,"¥11,400",-,-,"¥11,400","¥10,800","¥10,800","¥10,200","¥7,900",11400,
掲載,20066,シャイニートレジャーex(1BOX),-,未開封,https://japan-toreca.s3.ap-northeast-1.amazonaws.com/images/pokemon/e4411192-be7a-4ea5-a580-b632d6f419d4.jpg,False,"¥14,200",-,-,"¥14,200","¥13,400","¥13,400","¥12,700","¥9,900",14200,
掲載,19709,レイジングサーフ,sv3a,未開封,https://japan-toreca.s3.ap-northeast-1.amazonaws.com/images/pokemon/fbbef10e-37ce-4a97-9d42-e95163c5bcb4.jpg,False,"¥12,300",-,-,"¥12,300","¥11,600","¥11,600","¥11,000","¥8,600",12300,
掲載,19922,未来の一閃,sv4M,未開封,https://japan-toreca.s3.ap-northeast-1.amazonaws.com/images/pokemon/4ee5f298-3dbe-4cf2-bd94-d907d4d746c6.jpg,False,"¥9,500",-,-,"¥9,500","¥9,000","¥9,000","¥8,500","¥6,600",9500,
掲載,19921,古代の咆哮,sv4K,未開封,https://japan-toreca.s3.ap-northeast-1.amazonaws.com/images/pokemon/1ff41a79-399e-44f9-8caa-b7fa1a92c0f7.jpg,False,"¥10,900",-,-,"¥10,900","¥10,300","¥10,300","¥9,800","¥7,600",10900,
掲載,19387,黒炎の支配者(1BOX),-,未開封,https://japan-toreca.s3.ap-northeast-1.amazonaws.com/images/pokemon/f1162542-711a-4d8b-879c-367d52135dd7.jpg,False,"¥15,600",-,-,"¥15,600","¥14,800","¥14,800","¥14,000","¥10,900",15600,
掲載,19661,クレイバースト(1BOX),-,未開封,https://japan-toreca.s3.ap-northeast-1.amazonaws.com/images/pokemon/06716c85-802d-410f-8390-f94a62c646fc.jpg,False,"¥9,500",-,-,"¥9,500","¥9,000","¥9,000","¥8,500","¥6,600",9500,
掲載,19001,スノーハザード,sv2P,未開封,https://japan-toreca.s3.ap-northeast-1.amazonaws.com/images/pokemon/3b77fbe8-95c5-41dc-922f-ea62454c548d.jpg,False,"¥9,500",-,-,"¥9,500","¥9,000","¥9,000","¥8,500","¥6,600",9500,
掲載,208602,トリプレットビート,sv1a,未開封,https://japan-toreca.s3.ap-northeast-1.amazonaws.com/images/pokemon/04906148-756f-4b2f-aff2-a24f9626dbd4.jpg,False,"¥17,100",-,-,"¥17,100","¥16,200","¥16,200","¥15,300","¥11,900",17100,
掲載,18595,バイオレットex(1BOX),-,未開封,https://japan-toreca.s3.ap-northeast-1.amazonaws.com/images/pokemon/4aeb0bee-780a-489b-906b-9fdf4b7c076e.jpg,False,"¥9,900",-,-,"¥9,900","¥9,400","¥9,400","¥8,900","¥6,900",9900,
掲載,18593,スカーレットex,sv1S,未開封,https://japan-toreca.s3.ap-northeast-1.amazonaws.com/images/pokemon/9af35ee0-11ff-4305-9399-a04380542370.jpg,False,"¥11,400",-,-,"¥11,400","¥10,800","¥10,800","¥10,200","¥7,900",11400,
掲載,18999,VSTARユニバース(1BOX),-,未開封,https://japan-toreca.s3.ap-northeast-1.amazonaws.com/images/pokemon/cd634768-1050-456c-a7df-36acd0a5ecd9.jpg,False,"¥24,700",-,-,"¥24,700","¥23,400","¥23,400","¥22,200","¥17,200",24700,
掲載,19608,TAG TEAM GX タッグオールスターズ,sm12a,未開封,https://japan-toreca.s3.ap-northeast-1.amazonaws.com/images/pokemon/e4d2b4ad-f296-4c64-99d4-b7baf7c2b1e7.png,False,"¥180,500",-,-,"¥180,500","¥171,000","¥171,000","¥162,000","¥126,000",180500,
掲載,19693,ドリームリーグ,sm11b,未開封,https://japan-toreca.s3.ap-northeast-1.amazonaws.com/images/pokemon/e6591b29-7862-4bbc-ad7d-4369cf6c7274.jpg,False,"¥152,000",-,-,"¥152,000","¥144,000","¥144,000","¥136,000","¥106,000",152000,
掲載,235076,UTILITY SELECTION(1BOX),-,未開封,https://japan-toreca.s3.ap-northeast-1.amazonaws.com/images/yugioh/802cdccd-0bdc-429c-b1bb-aadeb0a6527e.png,False,"¥3,300",100,-,"¥3,300","¥3,100","¥3,100","¥2,900","¥2,300",3300,
掲載,222395,LIMITED PACK GX －オシリスレッド－(1BOX),-,未開封,https://japan-toreca.s3.ap-northeast-1.amazonaws.com/images/yugioh/0e3eda8d-96f6-4895-adbf-7e37e189105b.png,False,"¥13,300",50,-,"¥13,300","¥12,600","¥12,600","¥11,900","¥9,300",13300,
掲載,216073,『FINAL FANTASY』 コレクター・ブースター 英語版(1BOX),-,未開封,https://japan-toreca.s3.ap-northeast-1.amazonaws.com/images/mtg/af3b28f7-1e86-4dc9-89e7-327f30421965.jpg,False,"¥242,200",-,-,"¥242,200","¥230,000","¥230,000","¥217,000","¥169,000",242200,
掲載,216060,『FINAL FANTASY』 コレクター・ブースター 日本版(1BOX),-,未開封,https://japan-toreca.s3.ap-northeast-1.amazonaws.com/images/mtg/5eb0a9a5-47cf-4716-aa1a-6377db0ba2da.jpg,False,"¥85,500",-,-,"¥85,500","¥81,200","¥81,200","¥76,900","¥59,800",85500,
