name,change,old_price_a,old_price_a_minus,old_price_rush,new_price_a,new_price_a_minus,new_price_rush
30th CELEBRATION 30周年 セレブレーション(1BOX),新規,,,,,"¥23,400",
アビスアイ(1BOX),価格変動,,"¥7,000",,,"¥7,200",
ニンジャスピナー(1BOX),価格変動,,"¥7,600",,,"¥7,800",
ムニキスゼロ(1BOX),価格変動,,"¥7,600",,,"¥7,200",
MEGAドリームex(1BOX),価格変動,,"¥10,600",,,"¥11,200",
メガブレイブ(1BOX),価格変動,,"¥6,800",,,"¥7,200",
メガシンフォニア(1BOX),価格変動,,"¥6,200",,,"¥6,600",
バトルパートナーズ(1BOX),価格変動,,"¥8,900",,,"¥9,800",
テラスタルフェスex(1BOX),価格変動,,"¥14,900",,,"¥16,200",
超電ブレイカー(1BOX),価格変動,,"¥24,300",,,"¥23,000",
ポケモンカード151(1BOX),価格変動,,"¥37,600",,,"¥44,100",
30th CELEBRATION FUTURISTIC BOX,価格変動,,"¥56,700",,,"¥57,600",
THE FIRST CHAPTER 物語のはじまり(1BOX),新規,,,,,"¥6,300",
ARCHAZIAS ISLAND アーケイジアと魔法の島(1BOX),新規,,,,,"¥17,100",
REIGN of Jafar ジャファーの王権(1BOX),新規,,,,,"¥14,400",
WILDS UNKNOWN 未知なる彼方へ!(1BOX),新規,,,,,"¥7,200",
ATTACK OF THE VINE! ヴァインズ・アタック！(1BOX),新規,,,,,"¥5,400",
